2e8417dad1ff52a2a8139e86bccaed42210f94af,src/main/java,src/test/java
66e64641c83a018effea27910d95abaf5eb62e6d,src/main/java,src/test/java
9f2301621de691bf98c533708231c9a248c9cb8a,src/main/java,src/test/java
7ff07e7799577aecaae22e8a5a9346707e676e3e,src/main/java,src/test/java
a7255053f3deee94c02589fe6292406bd96cec6a,src/main/java,src/test/java
0179c9836671611df25d5d080a5151caf740bf8b,src/main/java,src/test/java
6d201c35d86e3468796b56236935939e73dd50ff,src/main/java,src/test/java
8d065c9321a7180a4907c776fd0edc156bf1a5ca,src/main/java,src/test/java
fcc858879a290d3e12b0837beab74927074ade57,src/main/java,src/test/java
2780cd7687127e0e7d2f165710c29555c1c5bef5,src/main/java,src/test/java
449a1efb505dac227b69054c15ab092ac0c05a11,src/main/java,src/test/java
b667d9d8e8953f68d8a73b1177cd8abd28f82707,src/main/java,src/test/java
0e336f04a7414983f206d8747880fc52f1cda033,src/main/java,src/test/java
8747c860df77325a1ac6ddb9e77e9960cad11570,src/main/java,src/test/java
f9542c07b8271c829507b538462ef4ff2b80bfa3,src/main/java,src/test/java
b7b67f404deb18cec259f51d46aa1b37b86b7356,src/main/java,src/test/java
80badab34b8680b45535f3d118d12163d0e44385,src/main/java,src/test/java
9522c67103368a4482e91d52dfe7ac15f5ab2260,src/main/java,src/test/java
5a14d0a00c9861f4dbaf770c0c87ebd591c8ab5d,src/main/java,src/test/java
557975a604a26e8b1cf651c1fc0db00e39bf62bb,src/main/java,src/test/java
65fda3eed57456e276c60d71c272c39602e9c6b6,src/main/java,src/test/java
2b08ea2d5855d9c9c4d830c8f9db5a4d4edf3ea7,src/main/java,src/test/java
e8b35df457ba86106f8a86e6b0292f6da292b5f7,src/main/java,src/test/java
ac1021c7f42c4dd2db26482c595ba289783c742e,src/main/java,src/test/java
848f7c0f88f2d92cd8d2f63404f2564a1bd7697c,src/main/java,src/test/java
e112f14bd993510c1a6539d9c9a9864a03060f48,src/main/java,src/test/java
14868519781010ce1c549324a298c284354e42d0,src/main/java,src/test/java
f1a42a677bbc6e36fc53fc0812ccc9877bd0e0a7,src/main/java,src/test/java
57d42df6e345a83a8b647a279ef23503530077de,src/main/java,src/test/java
c70fb01f800d35edec8273a429e6ba022f0e7313,src/main/java,src/test/java
b22cb42d0640715726158f554ba0dbc97dbdf13c,src/main/java,src/test/java
718a4e20883e59249faeedec17a25bf507ba1bfe,src/main/java,src/test/java
dd8153b791a4c6d799dd28ec4ae53ffab1e386cb,src/main/java,src/test/java
27ee44fb05078102402c2b7be6ab7864063dccf6,src/main/java,src/test/java
562c880b48b56d6cef6095be3f4793141fd9fa24,src/main/java,src/test/java
63a1933ed8eb04a1b7924238710b8740916509bd,src/main/java,src/test/java
07e0466c3bfbfee16e500f2d329206842575d690,src/main/java,src/test/java
0aa433359c222fb8e0e5a4f77bd67fc1cbeaa21b,src/main/java,src/test/java
222bb7c86571971626f6eab3adf9c13fc4155dfc,src/main/java,src/test/java
ca4770ccc56af5e9764597a0cdc4768e12757c02,src/main/java,src/test/java
ec47d755b8f8fcffdce021e367ecb2a97a3303d0,src/main/java,src/test/java
58452d010b64dae687eee8bc50a4444916cfeee3,src/main/java,src/test/java
279f3461b310661bac99cf13791feab3f9b22c61,src/main/java,src/test/java
870bd4f2468d9b0af9b71f1e192396b3e482924e,src/main/java,src/test/java
17e2573b29ec41886e4e98cac3bc6611fafe243c,src/main/java,src/test/java
b2e6f04b917b3f39a73c64d7c15e3117233c74c3,src/main/java,src/test/java
6f9df09337f9a7f07c2dc689b763cc033d613587,src/main/java,src/test/java
c519f5515fbf9cd4b213c1dfcebff8e1e37330fb,src/main/java,src/test/java
f6ecda192c94f5ed4b4859ad041b8ecc775f874d,src/main/java,src/test/java
9044f4eb32779770162b1fb41c1dd259f19bc301,src/main/java,src/test/java
305f9facaba21515c001c64e78504e480bda07d1,src/main/java,src/test/java
c2319cbf65acfc6c42a1594cd98ff5628205afcb,src/main/java,src/test/java
67400d1f19d499df3e3701dbde57e521bff75d9c,src/main/java,src/test/java
edad71ad47d5f78d7cc93f2f281bfb3b60c56200,src/main/java,src/test/java
b696e321d599319a4bc94e055af27298c979874f,src/main/java,src/test/java
cfc78759480f2fffad23e33671f6434bee1d25c8,src/main/java,src/test/java
df673f2e8cd47a4ee3af18b78aac1b7c6cf80cac,src/main/java,src/test/java
ccb7ab62cd014b620e0755788e7c7a9fe9d3c10f,src/main/java,src/test/java
043a39baa8befc916faa0d4cca714b9fef2c19b3,src/main/java,src/test/java
24fa94e0dbe879517e383605c485c997b26c8da8,src/main/java,src/test/java
19d32298dbe7f2bf24aa5c200984eb0168cc9fb0,src/main/java,src/test/java
0b8ba2992a76c889864d697a7122c5e5d124d87b,src/main/java,src/test/java
4d24f9b5ab7fddad2c62a6ce47ce9542835a3981,src/main/java,src/test/java
2fc302e1ea9a5c0eedba4d27488670467c823190,src/main/java,src/test/java
18d5f4ba6e975408c9c171c316fcd38eac2d981f,src/main/java,src/test/java
79c74067b3b43a4d2e04b054fcefda3da147d595,src/main/java,src/test/java
452c628c21466ec4f68d90921c8ebeab362fa17d,src/main/java,src/test/java
6aa38523e82d96491463f0ba561fbd6c1d13bfe1,src/main/java,src/test/java
6557ab539177a1a130ab33c0ffb7c3ed3a9c6c4b,src/main/java,src/test/java
0822508475c82d83ea93edaaf6b6d3a7ace3778f,src/main/java,src/test/java
493de4fb1d1a1eac9c9993d23a18a11f866b41e0,src/main/java,src/test/java
1f608abd1d869fa4d049482401ad4b901342fd9a,src/main/java,src/test/java
9f21a03adeb43b02a548d6fb79984c00ce5cd398,src/main/java,src/test/java
e97dc18159bfd8ae0aa14aaeb6b18d541cf03e3b,src/main/java,src/test/java
ff84d7b2e8d89555c518767416af0a60d0f245ba,src/main/java,src/test/java
155333ae881e52a4ad49b3de6cfa848bca838677,src/main/java,src/test/java
f398b292b3463ffdf104db050849de74962392d8,src/main/java,src/test/java
01fd9c792b8a2f3a7206d43c21d34de8135eaf6e,src/main/java,src/test/java
f7c43cd216051aeff62194bfe1b98a7fe7f75c9f,src/main/java,src/test/java
03bf0d33143ebd13e4f389cd4ecac8aec17c2057,src/main/java,src/test/java
ead6ffdd5f924cb7b100b3ff7fc2cb9edc17a66b,src/main/java,src/test/java
0ca171374af25573eb4956ac0bfa6b65d02fc561,src/main/java,src/test/java
698b384a95456673fdfaaac2b9b3088dfad6f2a3,src/main/java,src/test/java
c45994e38779957dbc09d74831aaa664e7031a46,src/main/java,src/test/java
f553c9246ace9c4e19ce56ce81ebf90079b210d5,src/main/java,src/test/java
a022b47e7808d165401115a1b40fa655acae63f4,src/main/java,src/test/java
8e4ffb044bc78cb8c317e14e9c25b0affc28df73,src/main/java,src/test/java
05de0f3b3b7ef1785c4e80c14c3009d73230c5d5,src/main/java,src/test/java
cb9e256f9e69ebdbccb802fcd890d5d181cdd1d4,src/main/java,src/test/java
3732ecd015fcc1d094ceffa2c043e7f9a533d4d2,src/main/java,src/test/java
c247c6e361bc1ea677526418cbbc2eb5ab2d54b9,src/main/java,src/test/java
27f1c3badc173b2e739121dce36b3a6634dd3a65,src/main/java,src/test/java
b01e9e0720f663f3e4fd0dd0a03e013957998f84,src/main/java,src/test/java
8bbbe31ee3f78967ccfd67d2eafe5d5ff58ca8e8,src/main/java,src/test/java
4f60e5229d741623257a0053e613f44721418da0,src/main/java,src/test/java
e900997b43f1c2a060ec6432bf8663dc942a198c,src/main/java,src/test/java
e36fc4bc44cf8b44ea4619944ef518f0546a703e,src/main/java,src/test/java
c22ca8c6de19ec24e3c2c5ef929c81a22f3d61a1,src/main/java,src/test/java
322b49f7267ffd5f1f4b7dc46b24912ec66f7d20,src/main/java,src/test/java
63a111bcb0d676bea8b2568330aa7c01a1d35c3f,src/main/java,src/test/java
8fac62dd211b3940291190a78ebfdb80bbf98aa1,src/main/java,src/test/java
2404939a4bfe4681925903bb2d1a0d174217942a,src/main/java,src/test/java
ab1f195d44a61b2a01bb4c3f626afcacda978867,src/main/java,src/test/java
0d886c2358c2417a402b0d0fd575d8714c98d043,src/main/java,src/test/java
ac09c383d90fc2dd702e111699ab733c6e28dbba,src/main/java,src/test/java
e4a3737c6c07420ee7c27a968c443b04d71c3eaf,src/main/java,src/test/java
e2feaed85df37bc91fdeb59220c90fac2d3ade4b,src/main/java,src/test/java
ba559195253cbe42f2f04642e93bcb7e72599005,src/main/java,src/test/java
3b30592cf1499ce5823d2cba83a242a0f9e4332a,src/main/java,src/test/java
4761025603e130c659cf40e5767c766bee6cf537,src/main/java,src/test/java
cc16fba7eb26c9d6282e5f705e7c378907b19db8,src/main/java,src/test/java
b702664be09458c06c7270520c4500b5764fc036,src/main/java,src/test/java
debe33db276da7683f6e7098191f740025300a16,src/main/java,src/test/java
a9acd60023f62d84bc1329d3120f92eedc35d750,src/main/java,src/test/java
f19a37156f9a3e48439eaa0a1f7ccd4da096694a,src/main/java,src/test/java
f062916034bd51af9eca2b388d619d5297e5549e,src/main/java,src/test/java
603cc5a72bfcac0c4fc0f94422fdcf5522fde50b,src/main/java,src/test/java
439d3d5d372887ea92473f50f8b06b501eddf59d,src/main/java,src/test/java
6011e2ab734b5558c93407591134ba0e30091eec,src/main/java,src/test/java
1579f7ff03f53d559a09fe3b2e451ef5a882261e,src/main/java,src/test/java
e7ec659df7800aabf6386420f4575f626b19e613,src/main/java,src/test/java
e9bda17e9a27e4e8d1b951854baf838f0075619f,src/main/java,src/test/java
4ab18ec3e70f283fb98c72e3042553358ae85145,src/main/java,src/test/java
81d60ae98cfd5ae0bff1ccecb7654bdbc6bc2692,src/main/java,src/test/java
a3c5da2d0e53003885a6af4875e40565a07b05a4,src/main/java,src/test/java
df57d61dff8823b41c37184ce8927e59d749914c,src/main/java,src/test/java
8a0b8b3f4e919684ea35b31f5d1a927d33648cf2,src/main/java,src/test/java
7bfb88f4e98034d78c5a170c59e4838759bc5f2e,src/main/java,src/test/java
2ca205750ad3e0a02b180369d2a36a39d3103796,src/main/java,src/test/java
047d1904aacc32a0d0b832931e162e5b5719bcb0,src/main/java,src/test/java
ab5ee1921f232762860230ad049002bff8f6ab7f,src/main/java,src/test/java
15ee749bd505b9026830adf2e9c780097f36542b,src/main/java,src/test/java
1f2e113e90b20de2c6b8efe6f52a33e78dfcdce0,src/main/java,src/test/java
5d0737eb7ab64573900e6ca59becd0159acda188,src/main/java,src/test/java
6d045cbf8613e938c634f0c96305b601aa55dc7d,src/main/java,src/test/java
cd18d76f8f9d0971ef20a2412bfa08f0fe3a7711,src/main/java,src/test/java
600418191ca3ff3263b327877d619c8c60a36d38,src/main/java,src/test/java
9a4c19cfb841ea6bc98337352c21579c4d416e12,src/main/java,src/test/java
27f878126b37b00998333c615ba1bd444f8b4383,src/main/java,src/test/java
